id,numTrees,currentLeaf,currDepth,Val_score,Train_score
1.0,1.0,2.0,1.0,0.791,0.778
2.0,1.0,2.0,11.0,0.791,0.778
3.0,1.0,2.0,21.0,0.791,0.778
4.0,1.0,2.0,31.0,0.791,0.778
5.0,1.0,2.0,41.0,0.791,0.778
6.0,1.0,2.0,51.0,0.791,0.778
7.0,1.0,2.0,61.0,0.791,0.778
8.0,1.0,2.0,71.0,0.791,0.778
9.0,1.0,2.0,81.0,0.791,0.778
10.0,1.0,2.0,91.0,0.791,0.778
11.0,1.0,12.0,1.0,0.791,0.778
12.0,1.0,12.0,11.0,0.922,0.904
13.0,1.0,12.0,21.0,0.922,0.904
14.0,1.0,12.0,31.0,0.922,0.904
15.0,1.0,12.0,41.0,0.922,0.904
16.0,1.0,12.0,51.0,0.922,0.904
17.0,1.0,12.0,61.0,0.922,0.904
18.0,1.0,12.0,71.0,0.922,0.904
19.0,1.0,12.0,81.0,0.922,0.904
20.0,1.0,12.0,91.0,0.922,0.904
21.0,1.0,22.0,1.0,0.791,0.778
22.0,1.0,22.0,11.0,0.93,0.927
23.0,1.0,22.0,21.0,0.93,0.927
24.0,1.0,22.0,31.0,0.93,0.927
25.0,1.0,22.0,41.0,0.93,0.927
26.0,1.0,22.0,51.0,0.93,0.927
27.0,1.0,22.0,61.0,0.93,0.927
28.0,1.0,22.0,71.0,0.93,0.927
29.0,1.0,22.0,81.0,0.93,0.927
30.0,1.0,22.0,91.0,0.93,0.927
31.0,1.0,32.0,1.0,0.791,0.778
32.0,1.0,32.0,11.0,0.934,0.936
33.0,1.0,32.0,21.0,0.934,0.936
34.0,1.0,32.0,31.0,0.934,0.936
35.0,1.0,32.0,41.0,0.934,0.936
36.0,1.0,32.0,51.0,0.934,0.936
37.0,1.0,32.0,61.0,0.934,0.936
38.0,1.0,32.0,71.0,0.934,0.936
39.0,1.0,32.0,81.0,0.934,0.936
40.0,1.0,32.0,91.0,0.934,0.936
41.0,1.0,42.0,1.0,0.791,0.778
42.0,1.0,42.0,11.0,0.933,0.942
43.0,1.0,42.0,21.0,0.933,0.942
44.0,1.0,42.0,31.0,0.933,0.942
45.0,1.0,42.0,41.0,0.933,0.942
46.0,1.0,42.0,51.0,0.933,0.942
47.0,1.0,42.0,61.0,0.933,0.942
48.0,1.0,42.0,71.0,0.933,0.942
49.0,1.0,42.0,81.0,0.933,0.942
50.0,1.0,42.0,91.0,0.933,0.942
51.0,1.0,52.0,1.0,0.791,0.778
52.0,1.0,52.0,11.0,0.925,0.953
53.0,1.0,52.0,21.0,0.927,0.955
54.0,1.0,52.0,31.0,0.927,0.955
55.0,1.0,52.0,41.0,0.927,0.955
56.0,1.0,52.0,51.0,0.927,0.955
57.0,1.0,52.0,61.0,0.927,0.955
58.0,1.0,52.0,71.0,0.927,0.955
59.0,1.0,52.0,81.0,0.927,0.955
60.0,1.0,52.0,91.0,0.927,0.955
61.0,1.0,62.0,1.0,0.791,0.778
62.0,1.0,62.0,11.0,0.924,0.952
63.0,1.0,62.0,21.0,0.924,0.956
64.0,1.0,62.0,31.0,0.924,0.956
65.0,1.0,62.0,41.0,0.924,0.956
66.0,1.0,62.0,51.0,0.924,0.956
67.0,1.0,62.0,61.0,0.924,0.956
68.0,1.0,62.0,71.0,0.924,0.956
69.0,1.0,62.0,81.0,0.924,0.956
70.0,1.0,62.0,91.0,0.924,0.956
71.0,1.0,72.0,1.0,0.791,0.778
72.0,1.0,72.0,11.0,0.924,0.952
73.0,1.0,72.0,21.0,0.924,0.956
74.0,1.0,72.0,31.0,0.924,0.956
75.0,1.0,72.0,41.0,0.924,0.956
76.0,1.0,72.0,51.0,0.924,0.956
77.0,1.0,72.0,61.0,0.924,0.956
78.0,1.0,72.0,71.0,0.924,0.956
79.0,1.0,72.0,81.0,0.924,0.956
80.0,1.0,72.0,91.0,0.924,0.956
81.0,1.0,82.0,1.0,0.791,0.778
82.0,1.0,82.0,11.0,0.924,0.952
83.0,1.0,82.0,21.0,0.924,0.956
84.0,1.0,82.0,31.0,0.924,0.956
85.0,1.0,82.0,41.0,0.924,0.956
86.0,1.0,82.0,51.0,0.924,0.956
87.0,1.0,82.0,61.0,0.924,0.956
88.0,1.0,82.0,71.0,0.924,0.956
89.0,1.0,82.0,81.0,0.924,0.956
90.0,1.0,82.0,91.0,0.924,0.956
91.0,1.0,92.0,1.0,0.791,0.778
92.0,1.0,92.0,11.0,0.924,0.952
93.0,1.0,92.0,21.0,0.924,0.956
94.0,1.0,92.0,31.0,0.924,0.956
95.0,1.0,92.0,41.0,0.924,0.956
96.0,1.0,92.0,51.0,0.924,0.956
97.0,1.0,92.0,61.0,0.924,0.956
98.0,1.0,92.0,71.0,0.924,0.956
99.0,1.0,92.0,81.0,0.924,0.956
100.0,1.0,92.0,91.0,0.924,0.956
101.0,1.0,102.0,1.0,0.791,0.778
102.0,1.0,102.0,11.0,0.924,0.952
103.0,1.0,102.0,21.0,0.924,0.956
104.0,1.0,102.0,31.0,0.924,0.956
105.0,1.0,102.0,41.0,0.924,0.956
106.0,1.0,102.0,51.0,0.924,0.956
107.0,1.0,102.0,61.0,0.924,0.956
108.0,1.0,102.0,71.0,0.924,0.956
109.0,1.0,102.0,81.0,0.924,0.956
110.0,1.0,102.0,91.0,0.924,0.956
111.0,11.0,2.0,1.0,0.868,0.841
112.0,11.0,2.0,11.0,0.868,0.841
113.0,11.0,2.0,21.0,0.868,0.841
114.0,11.0,2.0,31.0,0.868,0.841
115.0,11.0,2.0,41.0,0.868,0.841
116.0,11.0,2.0,51.0,0.868,0.841
117.0,11.0,2.0,61.0,0.868,0.841
118.0,11.0,2.0,71.0,0.868,0.841
119.0,11.0,2.0,81.0,0.868,0.841
120.0,11.0,2.0,91.0,0.868,0.841
121.0,11.0,12.0,1.0,0.868,0.841
122.0,11.0,12.0,11.0,0.975,0.97
123.0,11.0,12.0,21.0,0.975,0.97
124.0,11.0,12.0,31.0,0.975,0.97
125.0,11.0,12.0,41.0,0.975,0.97
126.0,11.0,12.0,51.0,0.975,0.97
127.0,11.0,12.0,61.0,0.975,0.97
128.0,11.0,12.0,71.0,0.975,0.97
129.0,11.0,12.0,81.0,0.975,0.97
130.0,11.0,12.0,91.0,0.975,0.97
131.0,11.0,22.0,1.0,0.868,0.841
132.0,11.0,22.0,11.0,0.978,0.981
133.0,11.0,22.0,21.0,0.978,0.981
134.0,11.0,22.0,31.0,0.978,0.981
135.0,11.0,22.0,41.0,0.978,0.981
136.0,11.0,22.0,51.0,0.978,0.981
137.0,11.0,22.0,61.0,0.978,0.981
138.0,11.0,22.0,71.0,0.978,0.981
139.0,11.0,22.0,81.0,0.978,0.981
140.0,11.0,22.0,91.0,0.978,0.981
141.0,11.0,32.0,1.0,0.868,0.841
142.0,11.0,32.0,11.0,0.98,0.99
143.0,11.0,32.0,21.0,0.98,0.989
144.0,11.0,32.0,31.0,0.98,0.989
145.0,11.0,32.0,41.0,0.98,0.989
146.0,11.0,32.0,51.0,0.98,0.989
147.0,11.0,32.0,61.0,0.98,0.989
148.0,11.0,32.0,71.0,0.98,0.989
149.0,11.0,32.0,81.0,0.98,0.989
150.0,11.0,32.0,91.0,0.98,0.989
151.0,11.0,42.0,1.0,0.868,0.841
152.0,11.0,42.0,11.0,0.983,0.993
153.0,11.0,42.0,21.0,0.982,0.993
154.0,11.0,42.0,31.0,0.982,0.993
155.0,11.0,42.0,41.0,0.982,0.993
156.0,11.0,42.0,51.0,0.982,0.993
157.0,11.0,42.0,61.0,0.982,0.993
158.0,11.0,42.0,71.0,0.982,0.993
159.0,11.0,42.0,81.0,0.982,0.993
160.0,11.0,42.0,91.0,0.982,0.993
161.0,11.0,52.0,1.0,0.868,0.841
162.0,11.0,52.0,11.0,0.981,0.995
163.0,11.0,52.0,21.0,0.981,0.995
164.0,11.0,52.0,31.0,0.981,0.995
165.0,11.0,52.0,41.0,0.981,0.995
166.0,11.0,52.0,51.0,0.981,0.995
167.0,11.0,52.0,61.0,0.981,0.995
168.0,11.0,52.0,71.0,0.981,0.995
169.0,11.0,52.0,81.0,0.981,0.995
170.0,11.0,52.0,91.0,0.981,0.995
171.0,11.0,62.0,1.0,0.868,0.841
172.0,11.0,62.0,11.0,0.982,0.996
173.0,11.0,62.0,21.0,0.98,0.996
174.0,11.0,62.0,31.0,0.98,0.996
175.0,11.0,62.0,41.0,0.98,0.996
176.0,11.0,62.0,51.0,0.98,0.996
177.0,11.0,62.0,61.0,0.98,0.996
178.0,11.0,62.0,71.0,0.98,0.996
179.0,11.0,62.0,81.0,0.98,0.996
180.0,11.0,62.0,91.0,0.98,0.996
181.0,11.0,72.0,1.0,0.868,0.841
182.0,11.0,72.0,11.0,0.982,0.996
183.0,11.0,72.0,21.0,0.98,0.996
184.0,11.0,72.0,31.0,0.98,0.996
185.0,11.0,72.0,41.0,0.98,0.996
186.0,11.0,72.0,51.0,0.98,0.996
187.0,11.0,72.0,61.0,0.98,0.996
188.0,11.0,72.0,71.0,0.98,0.996
189.0,11.0,72.0,81.0,0.98,0.996
190.0,11.0,72.0,91.0,0.98,0.996
191.0,11.0,82.0,1.0,0.868,0.841
192.0,11.0,82.0,11.0,0.982,0.996
193.0,11.0,82.0,21.0,0.98,0.996
194.0,11.0,82.0,31.0,0.98,0.996
195.0,11.0,82.0,41.0,0.98,0.996
196.0,11.0,82.0,51.0,0.98,0.996
197.0,11.0,82.0,61.0,0.98,0.996
198.0,11.0,82.0,71.0,0.98,0.996
199.0,11.0,82.0,81.0,0.98,0.996
200.0,11.0,82.0,91.0,0.98,0.996
201.0,11.0,92.0,1.0,0.868,0.841
202.0,11.0,92.0,11.0,0.982,0.996
203.0,11.0,92.0,21.0,0.98,0.996
204.0,11.0,92.0,31.0,0.98,0.996
205.0,11.0,92.0,41.0,0.98,0.996
206.0,11.0,92.0,51.0,0.98,0.996
207.0,11.0,92.0,61.0,0.98,0.996
208.0,11.0,92.0,71.0,0.98,0.996
209.0,11.0,92.0,81.0,0.98,0.996
210.0,11.0,92.0,91.0,0.98,0.996
211.0,11.0,102.0,1.0,0.868,0.841
212.0,11.0,102.0,11.0,0.982,0.996
213.0,11.0,102.0,21.0,0.98,0.996
214.0,11.0,102.0,31.0,0.98,0.996
215.0,11.0,102.0,41.0,0.98,0.996
216.0,11.0,102.0,51.0,0.98,0.996
217.0,11.0,102.0,61.0,0.98,0.996
218.0,11.0,102.0,71.0,0.98,0.996
219.0,11.0,102.0,81.0,0.98,0.996
220.0,11.0,102.0,91.0,0.98,0.996
221.0,21.0,2.0,1.0,0.895,0.877
222.0,21.0,2.0,11.0,0.895,0.877
223.0,21.0,2.0,21.0,0.895,0.877
224.0,21.0,2.0,31.0,0.895,0.877
225.0,21.0,2.0,41.0,0.895,0.877
226.0,21.0,2.0,51.0,0.895,0.877
227.0,21.0,2.0,61.0,0.895,0.877
228.0,21.0,2.0,71.0,0.895,0.877
229.0,21.0,2.0,81.0,0.895,0.877
230.0,21.0,2.0,91.0,0.895,0.877
231.0,21.0,12.0,1.0,0.895,0.877
232.0,21.0,12.0,11.0,0.981,0.975
233.0,21.0,12.0,21.0,0.981,0.975
234.0,21.0,12.0,31.0,0.981,0.975
235.0,21.0,12.0,41.0,0.981,0.975
236.0,21.0,12.0,51.0,0.981,0.975
237.0,21.0,12.0,61.0,0.981,0.975
238.0,21.0,12.0,71.0,0.981,0.975
239.0,21.0,12.0,81.0,0.981,0.975
240.0,21.0,12.0,91.0,0.981,0.975
241.0,21.0,22.0,1.0,0.895,0.877
242.0,21.0,22.0,11.0,0.982,0.985
243.0,21.0,22.0,21.0,0.982,0.985
244.0,21.0,22.0,31.0,0.982,0.985
245.0,21.0,22.0,41.0,0.982,0.985
246.0,21.0,22.0,51.0,0.982,0.985
247.0,21.0,22.0,61.0,0.982,0.985
248.0,21.0,22.0,71.0,0.982,0.985
249.0,21.0,22.0,81.0,0.982,0.985
250.0,21.0,22.0,91.0,0.982,0.985
251.0,21.0,32.0,1.0,0.895,0.877
252.0,21.0,32.0,11.0,0.987,0.993
253.0,21.0,32.0,21.0,0.987,0.993
254.0,21.0,32.0,31.0,0.987,0.993
255.0,21.0,32.0,41.0,0.987,0.993
256.0,21.0,32.0,51.0,0.987,0.993
257.0,21.0,32.0,61.0,0.987,0.993
258.0,21.0,32.0,71.0,0.987,0.993
259.0,21.0,32.0,81.0,0.987,0.993
260.0,21.0,32.0,91.0,0.987,0.993
261.0,21.0,42.0,1.0,0.895,0.877
262.0,21.0,42.0,11.0,0.989,0.997
263.0,21.0,42.0,21.0,0.988,0.996
264.0,21.0,42.0,31.0,0.988,0.996
265.0,21.0,42.0,41.0,0.988,0.996
266.0,21.0,42.0,51.0,0.988,0.996
267.0,21.0,42.0,61.0,0.988,0.996
268.0,21.0,42.0,71.0,0.988,0.996
269.0,21.0,42.0,81.0,0.988,0.996
270.0,21.0,42.0,91.0,0.988,0.996
271.0,21.0,52.0,1.0,0.895,0.877
272.0,21.0,52.0,11.0,0.99,0.997
273.0,21.0,52.0,21.0,0.99,0.997
274.0,21.0,52.0,31.0,0.99,0.997
275.0,21.0,52.0,41.0,0.99,0.997
276.0,21.0,52.0,51.0,0.99,0.997
277.0,21.0,52.0,61.0,0.99,0.997
278.0,21.0,52.0,71.0,0.99,0.997
279.0,21.0,52.0,81.0,0.99,0.997
280.0,21.0,52.0,91.0,0.99,0.997
281.0,21.0,62.0,1.0,0.895,0.877
282.0,21.0,62.0,11.0,0.99,0.998
283.0,21.0,62.0,21.0,0.99,0.998
284.0,21.0,62.0,31.0,0.99,0.998
285.0,21.0,62.0,41.0,0.99,0.998
286.0,21.0,62.0,51.0,0.99,0.998
287.0,21.0,62.0,61.0,0.99,0.998
288.0,21.0,62.0,71.0,0.99,0.998
289.0,21.0,62.0,81.0,0.99,0.998
290.0,21.0,62.0,91.0,0.99,0.998
291.0,21.0,72.0,1.0,0.895,0.877
292.0,21.0,72.0,11.0,0.99,0.998
293.0,21.0,72.0,21.0,0.99,0.998
294.0,21.0,72.0,31.0,0.99,0.998
295.0,21.0,72.0,41.0,0.99,0.998
296.0,21.0,72.0,51.0,0.99,0.998
297.0,21.0,72.0,61.0,0.99,0.998
298.0,21.0,72.0,71.0,0.99,0.998
299.0,21.0,72.0,81.0,0.99,0.998
300.0,21.0,72.0,91.0,0.99,0.998
301.0,21.0,82.0,1.0,0.895,0.877
302.0,21.0,82.0,11.0,0.99,0.998
303.0,21.0,82.0,21.0,0.99,0.998
304.0,21.0,82.0,31.0,0.99,0.998
305.0,21.0,82.0,41.0,0.99,0.998
306.0,21.0,82.0,51.0,0.99,0.998
307.0,21.0,82.0,61.0,0.99,0.998
308.0,21.0,82.0,71.0,0.99,0.998
309.0,21.0,82.0,81.0,0.99,0.998
310.0,21.0,82.0,91.0,0.99,0.998
311.0,21.0,92.0,1.0,0.895,0.877
312.0,21.0,92.0,11.0,0.99,0.998
313.0,21.0,92.0,21.0,0.99,0.998
314.0,21.0,92.0,31.0,0.99,0.998
315.0,21.0,92.0,41.0,0.99,0.998
316.0,21.0,92.0,51.0,0.99,0.998
317.0,21.0,92.0,61.0,0.99,0.998
318.0,21.0,92.0,71.0,0.99,0.998
319.0,21.0,92.0,81.0,0.99,0.998
320.0,21.0,92.0,91.0,0.99,0.998
321.0,21.0,102.0,1.0,0.895,0.877
322.0,21.0,102.0,11.0,0.99,0.998
323.0,21.0,102.0,21.0,0.99,0.998
324.0,21.0,102.0,31.0,0.99,0.998
325.0,21.0,102.0,41.0,0.99,0.998
326.0,21.0,102.0,51.0,0.99,0.998
327.0,21.0,102.0,61.0,0.99,0.998
328.0,21.0,102.0,71.0,0.99,0.998
329.0,21.0,102.0,81.0,0.99,0.998
330.0,21.0,102.0,91.0,0.99,0.998
331.0,31.0,2.0,1.0,0.93,0.91
332.0,31.0,2.0,11.0,0.93,0.91
333.0,31.0,2.0,21.0,0.93,0.91
334.0,31.0,2.0,31.0,0.93,0.91
335.0,31.0,2.0,41.0,0.93,0.91
336.0,31.0,2.0,51.0,0.93,0.91
337.0,31.0,2.0,61.0,0.93,0.91
338.0,31.0,2.0,71.0,0.93,0.91
339.0,31.0,2.0,81.0,0.93,0.91
340.0,31.0,2.0,91.0,0.93,0.91
341.0,31.0,12.0,1.0,0.93,0.91
342.0,31.0,12.0,11.0,0.985,0.985
343.0,31.0,12.0,21.0,0.985,0.985
344.0,31.0,12.0,31.0,0.985,0.985
345.0,31.0,12.0,41.0,0.985,0.985
346.0,31.0,12.0,51.0,0.985,0.985
347.0,31.0,12.0,61.0,0.985,0.985
348.0,31.0,12.0,71.0,0.985,0.985
349.0,31.0,12.0,81.0,0.985,0.985
350.0,31.0,12.0,91.0,0.985,0.985
351.0,31.0,22.0,1.0,0.93,0.91
352.0,31.0,22.0,11.0,0.988,0.989
353.0,31.0,22.0,21.0,0.988,0.989
354.0,31.0,22.0,31.0,0.988,0.989
355.0,31.0,22.0,41.0,0.988,0.989
356.0,31.0,22.0,51.0,0.988,0.989
357.0,31.0,22.0,61.0,0.988,0.989
358.0,31.0,22.0,71.0,0.988,0.989
359.0,31.0,22.0,81.0,0.988,0.989
360.0,31.0,22.0,91.0,0.988,0.989
361.0,31.0,32.0,1.0,0.93,0.91
362.0,31.0,32.0,11.0,0.987,0.993
363.0,31.0,32.0,21.0,0.987,0.993
364.0,31.0,32.0,31.0,0.987,0.993
365.0,31.0,32.0,41.0,0.987,0.993
366.0,31.0,32.0,51.0,0.987,0.993
367.0,31.0,32.0,61.0,0.987,0.993
368.0,31.0,32.0,71.0,0.987,0.993
369.0,31.0,32.0,81.0,0.987,0.993
370.0,31.0,32.0,91.0,0.987,0.993
371.0,31.0,42.0,1.0,0.93,0.91
372.0,31.0,42.0,11.0,0.989,0.998
373.0,31.0,42.0,21.0,0.989,0.998
374.0,31.0,42.0,31.0,0.989,0.998
375.0,31.0,42.0,41.0,0.989,0.998
376.0,31.0,42.0,51.0,0.989,0.998
377.0,31.0,42.0,61.0,0.989,0.998
378.0,31.0,42.0,71.0,0.989,0.998
379.0,31.0,42.0,81.0,0.989,0.998
380.0,31.0,42.0,91.0,0.989,0.998
381.0,31.0,52.0,1.0,0.93,0.91
382.0,31.0,52.0,11.0,0.991,0.999
383.0,31.0,52.0,21.0,0.991,0.999
384.0,31.0,52.0,31.0,0.991,0.999
385.0,31.0,52.0,41.0,0.991,0.999
386.0,31.0,52.0,51.0,0.991,0.999
387.0,31.0,52.0,61.0,0.991,0.999
388.0,31.0,52.0,71.0,0.991,0.999
389.0,31.0,52.0,81.0,0.991,0.999
390.0,31.0,52.0,91.0,0.991,0.999
391.0,31.0,62.0,1.0,0.93,0.91
392.0,31.0,62.0,11.0,0.991,0.999
393.0,31.0,62.0,21.0,0.991,0.999
394.0,31.0,62.0,31.0,0.991,0.999
395.0,31.0,62.0,41.0,0.991,0.999
396.0,31.0,62.0,51.0,0.991,0.999
397.0,31.0,62.0,61.0,0.991,0.999
398.0,31.0,62.0,71.0,0.991,0.999
399.0,31.0,62.0,81.0,0.991,0.999
400.0,31.0,62.0,91.0,0.991,0.999
401.0,31.0,72.0,1.0,0.93,0.91
402.0,31.0,72.0,11.0,0.991,0.999
403.0,31.0,72.0,21.0,0.991,0.999
404.0,31.0,72.0,31.0,0.991,0.999
405.0,31.0,72.0,41.0,0.991,0.999
406.0,31.0,72.0,51.0,0.991,0.999
407.0,31.0,72.0,61.0,0.991,0.999
408.0,31.0,72.0,71.0,0.991,0.999
409.0,31.0,72.0,81.0,0.991,0.999
410.0,31.0,72.0,91.0,0.991,0.999
411.0,31.0,82.0,1.0,0.93,0.91
412.0,31.0,82.0,11.0,0.991,0.999
413.0,31.0,82.0,21.0,0.991,0.999
414.0,31.0,82.0,31.0,0.991,0.999
415.0,31.0,82.0,41.0,0.991,0.999
416.0,31.0,82.0,51.0,0.991,0.999
417.0,31.0,82.0,61.0,0.991,0.999
418.0,31.0,82.0,71.0,0.991,0.999
419.0,31.0,82.0,81.0,0.991,0.999
420.0,31.0,82.0,91.0,0.991,0.999
421.0,31.0,92.0,1.0,0.93,0.91
422.0,31.0,92.0,11.0,0.991,0.999
423.0,31.0,92.0,21.0,0.991,0.999
424.0,31.0,92.0,31.0,0.991,0.999
425.0,31.0,92.0,41.0,0.991,0.999
426.0,31.0,92.0,51.0,0.991,0.999
427.0,31.0,92.0,61.0,0.991,0.999
428.0,31.0,92.0,71.0,0.991,0.999
429.0,31.0,92.0,81.0,0.991,0.999
430.0,31.0,92.0,91.0,0.991,0.999
431.0,31.0,102.0,1.0,0.93,0.91
432.0,31.0,102.0,11.0,0.991,0.999
433.0,31.0,102.0,21.0,0.991,0.999
434.0,31.0,102.0,31.0,0.991,0.999
435.0,31.0,102.0,41.0,0.991,0.999
436.0,31.0,102.0,51.0,0.991,0.999
437.0,31.0,102.0,61.0,0.991,0.999
438.0,31.0,102.0,71.0,0.991,0.999
439.0,31.0,102.0,81.0,0.991,0.999
440.0,31.0,102.0,91.0,0.991,0.999
441.0,41.0,2.0,1.0,0.945,0.918
442.0,41.0,2.0,11.0,0.945,0.918
443.0,41.0,2.0,21.0,0.945,0.918
444.0,41.0,2.0,31.0,0.945,0.918
445.0,41.0,2.0,41.0,0.945,0.918
446.0,41.0,2.0,51.0,0.945,0.918
447.0,41.0,2.0,61.0,0.945,0.918
448.0,41.0,2.0,71.0,0.945,0.918
449.0,41.0,2.0,81.0,0.945,0.918
450.0,41.0,2.0,91.0,0.945,0.918
451.0,41.0,12.0,1.0,0.945,0.918
452.0,41.0,12.0,11.0,0.986,0.985
453.0,41.0,12.0,21.0,0.986,0.985
454.0,41.0,12.0,31.0,0.986,0.985
455.0,41.0,12.0,41.0,0.986,0.985
456.0,41.0,12.0,51.0,0.986,0.985
457.0,41.0,12.0,61.0,0.986,0.985
458.0,41.0,12.0,71.0,0.986,0.985
459.0,41.0,12.0,81.0,0.986,0.985
460.0,41.0,12.0,91.0,0.986,0.985
461.0,41.0,22.0,1.0,0.945,0.918
462.0,41.0,22.0,11.0,0.988,0.99
463.0,41.0,22.0,21.0,0.988,0.99
464.0,41.0,22.0,31.0,0.988,0.99
465.0,41.0,22.0,41.0,0.988,0.99
466.0,41.0,22.0,51.0,0.988,0.99
467.0,41.0,22.0,61.0,0.988,0.99
468.0,41.0,22.0,71.0,0.988,0.99
469.0,41.0,22.0,81.0,0.988,0.99
470.0,41.0,22.0,91.0,0.988,0.99
471.0,41.0,32.0,1.0,0.945,0.918
472.0,41.0,32.0,11.0,0.987,0.994
473.0,41.0,32.0,21.0,0.987,0.994
474.0,41.0,32.0,31.0,0.987,0.994
475.0,41.0,32.0,41.0,0.987,0.994
476.0,41.0,32.0,51.0,0.987,0.994
477.0,41.0,32.0,61.0,0.987,0.994
478.0,41.0,32.0,71.0,0.987,0.994
479.0,41.0,32.0,81.0,0.987,0.994
480.0,41.0,32.0,91.0,0.987,0.994
481.0,41.0,42.0,1.0,0.945,0.918
482.0,41.0,42.0,11.0,0.988,0.998
483.0,41.0,42.0,21.0,0.988,0.998
484.0,41.0,42.0,31.0,0.988,0.998
485.0,41.0,42.0,41.0,0.988,0.998
486.0,41.0,42.0,51.0,0.988,0.998
487.0,41.0,42.0,61.0,0.988,0.998
488.0,41.0,42.0,71.0,0.988,0.998
489.0,41.0,42.0,81.0,0.988,0.998
490.0,41.0,42.0,91.0,0.988,0.998
491.0,41.0,52.0,1.0,0.945,0.918
492.0,41.0,52.0,11.0,0.989,0.999
493.0,41.0,52.0,21.0,0.989,0.998
494.0,41.0,52.0,31.0,0.989,0.998
495.0,41.0,52.0,41.0,0.989,0.998
496.0,41.0,52.0,51.0,0.989,0.998
497.0,41.0,52.0,61.0,0.989,0.998
498.0,41.0,52.0,71.0,0.989,0.998
499.0,41.0,52.0,81.0,0.989,0.998
500.0,41.0,52.0,91.0,0.989,0.998
501.0,41.0,62.0,1.0,0.945,0.918
502.0,41.0,62.0,11.0,0.989,0.999
503.0,41.0,62.0,21.0,0.989,0.999
504.0,41.0,62.0,31.0,0.989,0.999
505.0,41.0,62.0,41.0,0.989,0.999
506.0,41.0,62.0,51.0,0.989,0.999
507.0,41.0,62.0,61.0,0.989,0.999
508.0,41.0,62.0,71.0,0.989,0.999
509.0,41.0,62.0,81.0,0.989,0.999
510.0,41.0,62.0,91.0,0.989,0.999
511.0,41.0,72.0,1.0,0.945,0.918
512.0,41.0,72.0,11.0,0.989,0.999
513.0,41.0,72.0,21.0,0.989,0.999
514.0,41.0,72.0,31.0,0.989,0.999
515.0,41.0,72.0,41.0,0.989,0.999
516.0,41.0,72.0,51.0,0.989,0.999
517.0,41.0,72.0,61.0,0.989,0.999
518.0,41.0,72.0,71.0,0.989,0.999
519.0,41.0,72.0,81.0,0.989,0.999
520.0,41.0,72.0,91.0,0.989,0.999
521.0,41.0,82.0,1.0,0.945,0.918
522.0,41.0,82.0,11.0,0.989,0.999
523.0,41.0,82.0,21.0,0.989,0.999
524.0,41.0,82.0,31.0,0.989,0.999
525.0,41.0,82.0,41.0,0.989,0.999
526.0,41.0,82.0,51.0,0.989,0.999
527.0,41.0,82.0,61.0,0.989,0.999
528.0,41.0,82.0,71.0,0.989,0.999
529.0,41.0,82.0,81.0,0.989,0.999
530.0,41.0,82.0,91.0,0.989,0.999
531.0,41.0,92.0,1.0,0.945,0.918
532.0,41.0,92.0,11.0,0.989,0.999
533.0,41.0,92.0,21.0,0.989,0.999
534.0,41.0,92.0,31.0,0.989,0.999
535.0,41.0,92.0,41.0,0.989,0.999
536.0,41.0,92.0,51.0,0.989,0.999
537.0,41.0,92.0,61.0,0.989,0.999
538.0,41.0,92.0,71.0,0.989,0.999
539.0,41.0,92.0,81.0,0.989,0.999
540.0,41.0,92.0,91.0,0.989,0.999
541.0,41.0,102.0,1.0,0.945,0.918
542.0,41.0,102.0,11.0,0.989,0.999
543.0,41.0,102.0,21.0,0.989,0.999
544.0,41.0,102.0,31.0,0.989,0.999
545.0,41.0,102.0,41.0,0.989,0.999
546.0,41.0,102.0,51.0,0.989,0.999
547.0,41.0,102.0,61.0,0.989,0.999
548.0,41.0,102.0,71.0,0.989,0.999
549.0,41.0,102.0,81.0,0.989,0.999
550.0,41.0,102.0,91.0,0.989,0.999
551.0,51.0,2.0,1.0,0.943,0.928
552.0,51.0,2.0,11.0,0.943,0.928
553.0,51.0,2.0,21.0,0.943,0.928
554.0,51.0,2.0,31.0,0.943,0.928
555.0,51.0,2.0,41.0,0.943,0.928
556.0,51.0,2.0,51.0,0.943,0.928
557.0,51.0,2.0,61.0,0.943,0.928
558.0,51.0,2.0,71.0,0.943,0.928
559.0,51.0,2.0,81.0,0.943,0.928
560.0,51.0,2.0,91.0,0.943,0.928
561.0,51.0,12.0,1.0,0.943,0.928
562.0,51.0,12.0,11.0,0.985,0.987
563.0,51.0,12.0,21.0,0.985,0.987
564.0,51.0,12.0,31.0,0.985,0.987
565.0,51.0,12.0,41.0,0.985,0.987
566.0,51.0,12.0,51.0,0.985,0.987
567.0,51.0,12.0,61.0,0.985,0.987
568.0,51.0,12.0,71.0,0.985,0.987
569.0,51.0,12.0,81.0,0.985,0.987
570.0,51.0,12.0,91.0,0.985,0.987
571.0,51.0,22.0,1.0,0.943,0.928
572.0,51.0,22.0,11.0,0.988,0.991
573.0,51.0,22.0,21.0,0.988,0.991
574.0,51.0,22.0,31.0,0.988,0.991
575.0,51.0,22.0,41.0,0.988,0.991
576.0,51.0,22.0,51.0,0.988,0.991
577.0,51.0,22.0,61.0,0.988,0.991
578.0,51.0,22.0,71.0,0.988,0.991
579.0,51.0,22.0,81.0,0.988,0.991
580.0,51.0,22.0,91.0,0.988,0.991
581.0,51.0,32.0,1.0,0.943,0.928
582.0,51.0,32.0,11.0,0.988,0.995
583.0,51.0,32.0,21.0,0.988,0.995
584.0,51.0,32.0,31.0,0.988,0.995
585.0,51.0,32.0,41.0,0.988,0.995
586.0,51.0,32.0,51.0,0.988,0.995
587.0,51.0,32.0,61.0,0.988,0.995
588.0,51.0,32.0,71.0,0.988,0.995
589.0,51.0,32.0,81.0,0.988,0.995
590.0,51.0,32.0,91.0,0.988,0.995
591.0,51.0,42.0,1.0,0.943,0.928
592.0,51.0,42.0,11.0,0.988,0.998
593.0,51.0,42.0,21.0,0.988,0.998
594.0,51.0,42.0,31.0,0.988,0.998
595.0,51.0,42.0,41.0,0.988,0.998
596.0,51.0,42.0,51.0,0.988,0.998
597.0,51.0,42.0,61.0,0.988,0.998
598.0,51.0,42.0,71.0,0.988,0.998
599.0,51.0,42.0,81.0,0.988,0.998
600.0,51.0,42.0,91.0,0.988,0.998
601.0,51.0,52.0,1.0,0.943,0.928
602.0,51.0,52.0,11.0,0.986,0.999
603.0,51.0,52.0,21.0,0.987,0.999
604.0,51.0,52.0,31.0,0.987,0.999
605.0,51.0,52.0,41.0,0.987,0.999
606.0,51.0,52.0,51.0,0.987,0.999
607.0,51.0,52.0,61.0,0.987,0.999
608.0,51.0,52.0,71.0,0.987,0.999
609.0,51.0,52.0,81.0,0.987,0.999
610.0,51.0,52.0,91.0,0.987,0.999
611.0,51.0,62.0,1.0,0.943,0.928
612.0,51.0,62.0,11.0,0.987,0.999
613.0,51.0,62.0,21.0,0.988,0.999
614.0,51.0,62.0,31.0,0.988,0.999
615.0,51.0,62.0,41.0,0.988,0.999
616.0,51.0,62.0,51.0,0.988,0.999
617.0,51.0,62.0,61.0,0.988,0.999
618.0,51.0,62.0,71.0,0.988,0.999
619.0,51.0,62.0,81.0,0.988,0.999
620.0,51.0,62.0,91.0,0.988,0.999
621.0,51.0,72.0,1.0,0.943,0.928
622.0,51.0,72.0,11.0,0.987,1.0
623.0,51.0,72.0,21.0,0.988,1.0
624.0,51.0,72.0,31.0,0.988,1.0
625.0,51.0,72.0,41.0,0.988,1.0
626.0,51.0,72.0,51.0,0.988,1.0
627.0,51.0,72.0,61.0,0.988,1.0
628.0,51.0,72.0,71.0,0.988,1.0
629.0,51.0,72.0,81.0,0.988,1.0
630.0,51.0,72.0,91.0,0.988,1.0
631.0,51.0,82.0,1.0,0.943,0.928
632.0,51.0,82.0,11.0,0.987,1.0
633.0,51.0,82.0,21.0,0.988,1.0
634.0,51.0,82.0,31.0,0.988,1.0
635.0,51.0,82.0,41.0,0.988,1.0
636.0,51.0,82.0,51.0,0.988,1.0
637.0,51.0,82.0,61.0,0.988,1.0
638.0,51.0,82.0,71.0,0.988,1.0
639.0,51.0,82.0,81.0,0.988,1.0
640.0,51.0,82.0,91.0,0.988,1.0
641.0,51.0,92.0,1.0,0.943,0.928
642.0,51.0,92.0,11.0,0.987,1.0
643.0,51.0,92.0,21.0,0.988,1.0
644.0,51.0,92.0,31.0,0.988,1.0
645.0,51.0,92.0,41.0,0.988,1.0
646.0,51.0,92.0,51.0,0.988,1.0
647.0,51.0,92.0,61.0,0.988,1.0
648.0,51.0,92.0,71.0,0.988,1.0
649.0,51.0,92.0,81.0,0.988,1.0
650.0,51.0,92.0,91.0,0.988,1.0
651.0,51.0,102.0,1.0,0.943,0.928
652.0,51.0,102.0,11.0,0.987,1.0
653.0,51.0,102.0,21.0,0.988,1.0
654.0,51.0,102.0,31.0,0.988,1.0
655.0,51.0,102.0,41.0,0.988,1.0
656.0,51.0,102.0,51.0,0.988,1.0
657.0,51.0,102.0,61.0,0.988,1.0
658.0,51.0,102.0,71.0,0.988,1.0
659.0,51.0,102.0,81.0,0.988,1.0
660.0,51.0,102.0,91.0,0.988,1.0
661.0,61.0,2.0,1.0,0.949,0.933
662.0,61.0,2.0,11.0,0.949,0.933
663.0,61.0,2.0,21.0,0.949,0.933
664.0,61.0,2.0,31.0,0.949,0.933
665.0,61.0,2.0,41.0,0.949,0.933
666.0,61.0,2.0,51.0,0.949,0.933
667.0,61.0,2.0,61.0,0.949,0.933
668.0,61.0,2.0,71.0,0.949,0.933
669.0,61.0,2.0,81.0,0.949,0.933
670.0,61.0,2.0,91.0,0.949,0.933
671.0,61.0,12.0,1.0,0.949,0.933
672.0,61.0,12.0,11.0,0.988,0.988
673.0,61.0,12.0,21.0,0.988,0.988
674.0,61.0,12.0,31.0,0.988,0.988
675.0,61.0,12.0,41.0,0.988,0.988
676.0,61.0,12.0,51.0,0.988,0.988
677.0,61.0,12.0,61.0,0.988,0.988
678.0,61.0,12.0,71.0,0.988,0.988
679.0,61.0,12.0,81.0,0.988,0.988
680.0,61.0,12.0,91.0,0.988,0.988
681.0,61.0,22.0,1.0,0.949,0.933
682.0,61.0,22.0,11.0,0.989,0.991
683.0,61.0,22.0,21.0,0.989,0.991
684.0,61.0,22.0,31.0,0.989,0.991
685.0,61.0,22.0,41.0,0.989,0.991
686.0,61.0,22.0,51.0,0.989,0.991
687.0,61.0,22.0,61.0,0.989,0.991
688.0,61.0,22.0,71.0,0.989,0.991
689.0,61.0,22.0,81.0,0.989,0.991
690.0,61.0,22.0,91.0,0.989,0.991
691.0,61.0,32.0,1.0,0.949,0.933
692.0,61.0,32.0,11.0,0.99,0.996
693.0,61.0,32.0,21.0,0.99,0.996
694.0,61.0,32.0,31.0,0.99,0.996
695.0,61.0,32.0,41.0,0.99,0.996
696.0,61.0,32.0,51.0,0.99,0.996
697.0,61.0,32.0,61.0,0.99,0.996
698.0,61.0,32.0,71.0,0.99,0.996
699.0,61.0,32.0,81.0,0.99,0.996
700.0,61.0,32.0,91.0,0.99,0.996
701.0,61.0,42.0,1.0,0.949,0.933
702.0,61.0,42.0,11.0,0.989,0.999
703.0,61.0,42.0,21.0,0.989,0.999
704.0,61.0,42.0,31.0,0.989,0.999
705.0,61.0,42.0,41.0,0.989,0.999
706.0,61.0,42.0,51.0,0.989,0.999
707.0,61.0,42.0,61.0,0.989,0.999
708.0,61.0,42.0,71.0,0.989,0.999
709.0,61.0,42.0,81.0,0.989,0.999
710.0,61.0,42.0,91.0,0.989,0.999
711.0,61.0,52.0,1.0,0.949,0.933
712.0,61.0,52.0,11.0,0.989,0.999
713.0,61.0,52.0,21.0,0.99,0.999
714.0,61.0,52.0,31.0,0.99,0.999
715.0,61.0,52.0,41.0,0.99,0.999
716.0,61.0,52.0,51.0,0.99,0.999
717.0,61.0,52.0,61.0,0.99,0.999
718.0,61.0,52.0,71.0,0.99,0.999
719.0,61.0,52.0,81.0,0.99,0.999
720.0,61.0,52.0,91.0,0.99,0.999
721.0,61.0,62.0,1.0,0.949,0.933
722.0,61.0,62.0,11.0,0.989,1.0
723.0,61.0,62.0,21.0,0.991,1.0
724.0,61.0,62.0,31.0,0.991,1.0
725.0,61.0,62.0,41.0,0.991,1.0
726.0,61.0,62.0,51.0,0.991,1.0
727.0,61.0,62.0,61.0,0.991,1.0
728.0,61.0,62.0,71.0,0.991,1.0
729.0,61.0,62.0,81.0,0.991,1.0
730.0,61.0,62.0,91.0,0.991,1.0
731.0,61.0,72.0,1.0,0.949,0.933
732.0,61.0,72.0,11.0,0.989,1.0
733.0,61.0,72.0,21.0,0.991,1.0
734.0,61.0,72.0,31.0,0.991,1.0
735.0,61.0,72.0,41.0,0.991,1.0
736.0,61.0,72.0,51.0,0.991,1.0
737.0,61.0,72.0,61.0,0.991,1.0
738.0,61.0,72.0,71.0,0.991,1.0
739.0,61.0,72.0,81.0,0.991,1.0
740.0,61.0,72.0,91.0,0.991,1.0
741.0,61.0,82.0,1.0,0.949,0.933
742.0,61.0,82.0,11.0,0.989,1.0
743.0,61.0,82.0,21.0,0.991,1.0
744.0,61.0,82.0,31.0,0.991,1.0
745.0,61.0,82.0,41.0,0.991,1.0
746.0,61.0,82.0,51.0,0.991,1.0
747.0,61.0,82.0,61.0,0.991,1.0
748.0,61.0,82.0,71.0,0.991,1.0
749.0,61.0,82.0,81.0,0.991,1.0
750.0,61.0,82.0,91.0,0.991,1.0
751.0,61.0,92.0,1.0,0.949,0.933
752.0,61.0,92.0,11.0,0.989,1.0
753.0,61.0,92.0,21.0,0.991,1.0
754.0,61.0,92.0,31.0,0.991,1.0
755.0,61.0,92.0,41.0,0.991,1.0
756.0,61.0,92.0,51.0,0.991,1.0
757.0,61.0,92.0,61.0,0.991,1.0
758.0,61.0,92.0,71.0,0.991,1.0
759.0,61.0,92.0,81.0,0.991,1.0
760.0,61.0,92.0,91.0,0.991,1.0
761.0,61.0,102.0,1.0,0.949,0.933
762.0,61.0,102.0,11.0,0.989,1.0
763.0,61.0,102.0,21.0,0.991,1.0
764.0,61.0,102.0,31.0,0.991,1.0
765.0,61.0,102.0,41.0,0.991,1.0
766.0,61.0,102.0,51.0,0.991,1.0
767.0,61.0,102.0,61.0,0.991,1.0
768.0,61.0,102.0,71.0,0.991,1.0
769.0,61.0,102.0,81.0,0.991,1.0
770.0,61.0,102.0,91.0,0.991,1.0
771.0,71.0,2.0,1.0,0.95,0.933
772.0,71.0,2.0,11.0,0.95,0.933
773.0,71.0,2.0,21.0,0.95,0.933
774.0,71.0,2.0,31.0,0.95,0.933
775.0,71.0,2.0,41.0,0.95,0.933
776.0,71.0,2.0,51.0,0.95,0.933
777.0,71.0,2.0,61.0,0.95,0.933
778.0,71.0,2.0,71.0,0.95,0.933
779.0,71.0,2.0,81.0,0.95,0.933
780.0,71.0,2.0,91.0,0.95,0.933
781.0,71.0,12.0,1.0,0.95,0.933
782.0,71.0,12.0,11.0,0.987,0.987
783.0,71.0,12.0,21.0,0.987,0.987
784.0,71.0,12.0,31.0,0.987,0.987
785.0,71.0,12.0,41.0,0.987,0.987
786.0,71.0,12.0,51.0,0.987,0.987
787.0,71.0,12.0,61.0,0.987,0.987
788.0,71.0,12.0,71.0,0.987,0.987
789.0,71.0,12.0,81.0,0.987,0.987
790.0,71.0,12.0,91.0,0.987,0.987
791.0,71.0,22.0,1.0,0.95,0.933
792.0,71.0,22.0,11.0,0.991,0.991
793.0,71.0,22.0,21.0,0.991,0.991
794.0,71.0,22.0,31.0,0.991,0.991
795.0,71.0,22.0,41.0,0.991,0.991
796.0,71.0,22.0,51.0,0.991,0.991
797.0,71.0,22.0,61.0,0.991,0.991
798.0,71.0,22.0,71.0,0.991,0.991
799.0,71.0,22.0,81.0,0.991,0.991
800.0,71.0,22.0,91.0,0.991,0.991
801.0,71.0,32.0,1.0,0.95,0.933
802.0,71.0,32.0,11.0,0.99,0.996
803.0,71.0,32.0,21.0,0.99,0.996
804.0,71.0,32.0,31.0,0.99,0.996
805.0,71.0,32.0,41.0,0.99,0.996
806.0,71.0,32.0,51.0,0.99,0.996
807.0,71.0,32.0,61.0,0.99,0.996
808.0,71.0,32.0,71.0,0.99,0.996
809.0,71.0,32.0,81.0,0.99,0.996
810.0,71.0,32.0,91.0,0.99,0.996
811.0,71.0,42.0,1.0,0.95,0.933
812.0,71.0,42.0,11.0,0.989,0.998
813.0,71.0,42.0,21.0,0.989,0.999
814.0,71.0,42.0,31.0,0.989,0.999
815.0,71.0,42.0,41.0,0.989,0.999
816.0,71.0,42.0,51.0,0.989,0.999
817.0,71.0,42.0,61.0,0.989,0.999
818.0,71.0,42.0,71.0,0.989,0.999
819.0,71.0,42.0,81.0,0.989,0.999
820.0,71.0,42.0,91.0,0.989,0.999
821.0,71.0,52.0,1.0,0.95,0.933
822.0,71.0,52.0,11.0,0.992,0.999
823.0,71.0,52.0,21.0,0.992,0.999
824.0,71.0,52.0,31.0,0.992,0.999
825.0,71.0,52.0,41.0,0.992,0.999
826.0,71.0,52.0,51.0,0.992,0.999
827.0,71.0,52.0,61.0,0.992,0.999
828.0,71.0,52.0,71.0,0.992,0.999
829.0,71.0,52.0,81.0,0.992,0.999
830.0,71.0,52.0,91.0,0.992,0.999
831.0,71.0,62.0,1.0,0.95,0.933
832.0,71.0,62.0,11.0,0.992,0.999
833.0,71.0,62.0,21.0,0.992,0.999
834.0,71.0,62.0,31.0,0.992,0.999
835.0,71.0,62.0,41.0,0.992,0.999
836.0,71.0,62.0,51.0,0.992,0.999
837.0,71.0,62.0,61.0,0.992,0.999
838.0,71.0,62.0,71.0,0.992,0.999
839.0,71.0,62.0,81.0,0.992,0.999
840.0,71.0,62.0,91.0,0.992,0.999
841.0,71.0,72.0,1.0,0.95,0.933
842.0,71.0,72.0,11.0,0.992,1.0
843.0,71.0,72.0,21.0,0.992,1.0
844.0,71.0,72.0,31.0,0.992,1.0
845.0,71.0,72.0,41.0,0.992,1.0
846.0,71.0,72.0,51.0,0.992,1.0
847.0,71.0,72.0,61.0,0.992,1.0
848.0,71.0,72.0,71.0,0.992,1.0
849.0,71.0,72.0,81.0,0.992,1.0
850.0,71.0,72.0,91.0,0.992,1.0
851.0,71.0,82.0,1.0,0.95,0.933
852.0,71.0,82.0,11.0,0.992,1.0
853.0,71.0,82.0,21.0,0.992,1.0
854.0,71.0,82.0,31.0,0.992,1.0
855.0,71.0,82.0,41.0,0.992,1.0
856.0,71.0,82.0,51.0,0.992,1.0
857.0,71.0,82.0,61.0,0.992,1.0
858.0,71.0,82.0,71.0,0.992,1.0
859.0,71.0,82.0,81.0,0.992,1.0
860.0,71.0,82.0,91.0,0.992,1.0
861.0,71.0,92.0,1.0,0.95,0.933
862.0,71.0,92.0,11.0,0.992,1.0
863.0,71.0,92.0,21.0,0.992,1.0
864.0,71.0,92.0,31.0,0.992,1.0
865.0,71.0,92.0,41.0,0.992,1.0
866.0,71.0,92.0,51.0,0.992,1.0
867.0,71.0,92.0,61.0,0.992,1.0
868.0,71.0,92.0,71.0,0.992,1.0
869.0,71.0,92.0,81.0,0.992,1.0
870.0,71.0,92.0,91.0,0.992,1.0
871.0,71.0,102.0,1.0,0.95,0.933
872.0,71.0,102.0,11.0,0.992,1.0
873.0,71.0,102.0,21.0,0.992,1.0
874.0,71.0,102.0,31.0,0.992,1.0
875.0,71.0,102.0,41.0,0.992,1.0
876.0,71.0,102.0,51.0,0.992,1.0
877.0,71.0,102.0,61.0,0.992,1.0
878.0,71.0,102.0,71.0,0.992,1.0
879.0,71.0,102.0,81.0,0.992,1.0
880.0,71.0,102.0,91.0,0.992,1.0
881.0,81.0,2.0,1.0,0.955,0.931
882.0,81.0,2.0,11.0,0.955,0.931
883.0,81.0,2.0,21.0,0.955,0.931
884.0,81.0,2.0,31.0,0.955,0.931
885.0,81.0,2.0,41.0,0.955,0.931
886.0,81.0,2.0,51.0,0.955,0.931
887.0,81.0,2.0,61.0,0.955,0.931
888.0,81.0,2.0,71.0,0.955,0.931
889.0,81.0,2.0,81.0,0.955,0.931
890.0,81.0,2.0,91.0,0.955,0.931
891.0,81.0,12.0,1.0,0.955,0.931
892.0,81.0,12.0,11.0,0.987,0.987
893.0,81.0,12.0,21.0,0.987,0.987
894.0,81.0,12.0,31.0,0.987,0.987
895.0,81.0,12.0,41.0,0.987,0.987
896.0,81.0,12.0,51.0,0.987,0.987
897.0,81.0,12.0,61.0,0.987,0.987
898.0,81.0,12.0,71.0,0.987,0.987
899.0,81.0,12.0,81.0,0.987,0.987
900.0,81.0,12.0,91.0,0.987,0.987
901.0,81.0,22.0,1.0,0.955,0.931
902.0,81.0,22.0,11.0,0.99,0.991
903.0,81.0,22.0,21.0,0.99,0.991
904.0,81.0,22.0,31.0,0.99,0.991
905.0,81.0,22.0,41.0,0.99,0.991
906.0,81.0,22.0,51.0,0.99,0.991
907.0,81.0,22.0,61.0,0.99,0.991
908.0,81.0,22.0,71.0,0.99,0.991
909.0,81.0,22.0,81.0,0.99,0.991
910.0,81.0,22.0,91.0,0.99,0.991
911.0,81.0,32.0,1.0,0.955,0.931
912.0,81.0,32.0,11.0,0.99,0.996
913.0,81.0,32.0,21.0,0.99,0.996
914.0,81.0,32.0,31.0,0.99,0.996
915.0,81.0,32.0,41.0,0.99,0.996
916.0,81.0,32.0,51.0,0.99,0.996
917.0,81.0,32.0,61.0,0.99,0.996
918.0,81.0,32.0,71.0,0.99,0.996
919.0,81.0,32.0,81.0,0.99,0.996
920.0,81.0,32.0,91.0,0.99,0.996
921.0,81.0,42.0,1.0,0.955,0.931
922.0,81.0,42.0,11.0,0.99,0.999
923.0,81.0,42.0,21.0,0.99,0.999
924.0,81.0,42.0,31.0,0.99,0.999
925.0,81.0,42.0,41.0,0.99,0.999
926.0,81.0,42.0,51.0,0.99,0.999
927.0,81.0,42.0,61.0,0.99,0.999
928.0,81.0,42.0,71.0,0.99,0.999
929.0,81.0,42.0,81.0,0.99,0.999
930.0,81.0,42.0,91.0,0.99,0.999
931.0,81.0,52.0,1.0,0.955,0.931
932.0,81.0,52.0,11.0,0.992,1.0
933.0,81.0,52.0,21.0,0.993,1.0
934.0,81.0,52.0,31.0,0.993,1.0
935.0,81.0,52.0,41.0,0.993,1.0
936.0,81.0,52.0,51.0,0.993,1.0
937.0,81.0,52.0,61.0,0.993,1.0
938.0,81.0,52.0,71.0,0.993,1.0
939.0,81.0,52.0,81.0,0.993,1.0
940.0,81.0,52.0,91.0,0.993,1.0
941.0,81.0,62.0,1.0,0.955,0.931
942.0,81.0,62.0,11.0,0.992,1.0
943.0,81.0,62.0,21.0,0.992,1.0
944.0,81.0,62.0,31.0,0.992,1.0
945.0,81.0,62.0,41.0,0.992,1.0
946.0,81.0,62.0,51.0,0.992,1.0
947.0,81.0,62.0,61.0,0.992,1.0
948.0,81.0,62.0,71.0,0.992,1.0
949.0,81.0,62.0,81.0,0.992,1.0
950.0,81.0,62.0,91.0,0.992,1.0
951.0,81.0,72.0,1.0,0.955,0.931
952.0,81.0,72.0,11.0,0.992,1.0
953.0,81.0,72.0,21.0,0.992,1.0
954.0,81.0,72.0,31.0,0.992,1.0
955.0,81.0,72.0,41.0,0.992,1.0
956.0,81.0,72.0,51.0,0.992,1.0
957.0,81.0,72.0,61.0,0.992,1.0
958.0,81.0,72.0,71.0,0.992,1.0
959.0,81.0,72.0,81.0,0.992,1.0
960.0,81.0,72.0,91.0,0.992,1.0
961.0,81.0,82.0,1.0,0.955,0.931
962.0,81.0,82.0,11.0,0.992,1.0
963.0,81.0,82.0,21.0,0.992,1.0
964.0,81.0,82.0,31.0,0.992,1.0
965.0,81.0,82.0,41.0,0.992,1.0
966.0,81.0,82.0,51.0,0.992,1.0
967.0,81.0,82.0,61.0,0.992,1.0
968.0,81.0,82.0,71.0,0.992,1.0
969.0,81.0,82.0,81.0,0.992,1.0
970.0,81.0,82.0,91.0,0.992,1.0
971.0,81.0,92.0,1.0,0.955,0.931
972.0,81.0,92.0,11.0,0.992,1.0
973.0,81.0,92.0,21.0,0.992,1.0
974.0,81.0,92.0,31.0,0.992,1.0
975.0,81.0,92.0,41.0,0.992,1.0
976.0,81.0,92.0,51.0,0.992,1.0
977.0,81.0,92.0,61.0,0.992,1.0
978.0,81.0,92.0,71.0,0.992,1.0
979.0,81.0,92.0,81.0,0.992,1.0
980.0,81.0,92.0,91.0,0.992,1.0
981.0,81.0,102.0,1.0,0.955,0.931
982.0,81.0,102.0,11.0,0.992,1.0
983.0,81.0,102.0,21.0,0.992,1.0
984.0,81.0,102.0,31.0,0.992,1.0
985.0,81.0,102.0,41.0,0.992,1.0
986.0,81.0,102.0,51.0,0.992,1.0
987.0,81.0,102.0,61.0,0.992,1.0
988.0,81.0,102.0,71.0,0.992,1.0
989.0,81.0,102.0,81.0,0.992,1.0
990.0,81.0,102.0,91.0,0.992,1.0
991.0,91.0,2.0,1.0,0.947,0.93
992.0,91.0,2.0,11.0,0.947,0.93
993.0,91.0,2.0,21.0,0.947,0.93
994.0,91.0,2.0,31.0,0.947,0.93
995.0,91.0,2.0,41.0,0.947,0.93
996.0,91.0,2.0,51.0,0.947,0.93
997.0,91.0,2.0,61.0,0.947,0.93
998.0,91.0,2.0,71.0,0.947,0.93
999.0,91.0,2.0,81.0,0.947,0.93
1000.0,91.0,2.0,91.0,0.947,0.93
1001.0,91.0,12.0,1.0,0.947,0.93
1002.0,91.0,12.0,11.0,0.987,0.988
1003.0,91.0,12.0,21.0,0.987,0.988
1004.0,91.0,12.0,31.0,0.987,0.988
1005.0,91.0,12.0,41.0,0.987,0.988
1006.0,91.0,12.0,51.0,0.987,0.988
1007.0,91.0,12.0,61.0,0.987,0.988
1008.0,91.0,12.0,71.0,0.987,0.988
1009.0,91.0,12.0,81.0,0.987,0.988
1010.0,91.0,12.0,91.0,0.987,0.988
1011.0,91.0,22.0,1.0,0.947,0.93
1012.0,91.0,22.0,11.0,0.99,0.991
1013.0,91.0,22.0,21.0,0.99,0.991
1014.0,91.0,22.0,31.0,0.99,0.991
1015.0,91.0,22.0,41.0,0.99,0.991
1016.0,91.0,22.0,51.0,0.99,0.991
1017.0,91.0,22.0,61.0,0.99,0.991
1018.0,91.0,22.0,71.0,0.99,0.991
1019.0,91.0,22.0,81.0,0.99,0.991
1020.0,91.0,22.0,91.0,0.99,0.991
1021.0,91.0,32.0,1.0,0.947,0.93
1022.0,91.0,32.0,11.0,0.99,0.995
1023.0,91.0,32.0,21.0,0.99,0.995
1024.0,91.0,32.0,31.0,0.99,0.995
1025.0,91.0,32.0,41.0,0.99,0.995
1026.0,91.0,32.0,51.0,0.99,0.995
1027.0,91.0,32.0,61.0,0.99,0.995
1028.0,91.0,32.0,71.0,0.99,0.995
1029.0,91.0,32.0,81.0,0.99,0.995
1030.0,91.0,32.0,91.0,0.99,0.995
1031.0,91.0,42.0,1.0,0.947,0.93
1032.0,91.0,42.0,11.0,0.991,0.998
1033.0,91.0,42.0,21.0,0.99,0.998
1034.0,91.0,42.0,31.0,0.99,0.998
1035.0,91.0,42.0,41.0,0.99,0.998
1036.0,91.0,42.0,51.0,0.99,0.998
1037.0,91.0,42.0,61.0,0.99,0.998
1038.0,91.0,42.0,71.0,0.99,0.998
1039.0,91.0,42.0,81.0,0.99,0.998
1040.0,91.0,42.0,91.0,0.99,0.998
1041.0,91.0,52.0,1.0,0.947,0.93
1042.0,91.0,52.0,11.0,0.993,1.0
1043.0,91.0,52.0,21.0,0.993,1.0
1044.0,91.0,52.0,31.0,0.993,1.0
1045.0,91.0,52.0,41.0,0.993,1.0
1046.0,91.0,52.0,51.0,0.993,1.0
1047.0,91.0,52.0,61.0,0.993,1.0
1048.0,91.0,52.0,71.0,0.993,1.0
1049.0,91.0,52.0,81.0,0.993,1.0
1050.0,91.0,52.0,91.0,0.993,1.0
1051.0,91.0,62.0,1.0,0.947,0.93
1052.0,91.0,62.0,11.0,0.992,1.0
1053.0,91.0,62.0,21.0,0.992,1.0
1054.0,91.0,62.0,31.0,0.992,1.0
1055.0,91.0,62.0,41.0,0.992,1.0
1056.0,91.0,62.0,51.0,0.992,1.0
1057.0,91.0,62.0,61.0,0.992,1.0
1058.0,91.0,62.0,71.0,0.992,1.0
1059.0,91.0,62.0,81.0,0.992,1.0
1060.0,91.0,62.0,91.0,0.992,1.0
1061.0,91.0,72.0,1.0,0.947,0.93
1062.0,91.0,72.0,11.0,0.992,1.0
1063.0,91.0,72.0,21.0,0.992,1.0
1064.0,91.0,72.0,31.0,0.992,1.0
1065.0,91.0,72.0,41.0,0.992,1.0
1066.0,91.0,72.0,51.0,0.992,1.0
1067.0,91.0,72.0,61.0,0.992,1.0
1068.0,91.0,72.0,71.0,0.992,1.0
1069.0,91.0,72.0,81.0,0.992,1.0
1070.0,91.0,72.0,91.0,0.992,1.0
1071.0,91.0,82.0,1.0,0.947,0.93
1072.0,91.0,82.0,11.0,0.992,1.0
1073.0,91.0,82.0,21.0,0.992,1.0
1074.0,91.0,82.0,31.0,0.992,1.0
1075.0,91.0,82.0,41.0,0.992,1.0
1076.0,91.0,82.0,51.0,0.992,1.0
1077.0,91.0,82.0,61.0,0.992,1.0
1078.0,91.0,82.0,71.0,0.992,1.0
1079.0,91.0,82.0,81.0,0.992,1.0
1080.0,91.0,82.0,91.0,0.992,1.0
1081.0,91.0,92.0,1.0,0.947,0.93
1082.0,91.0,92.0,11.0,0.992,1.0
1083.0,91.0,92.0,21.0,0.992,1.0
1084.0,91.0,92.0,31.0,0.992,1.0
1085.0,91.0,92.0,41.0,0.992,1.0
1086.0,91.0,92.0,51.0,0.992,1.0
1087.0,91.0,92.0,61.0,0.992,1.0
1088.0,91.0,92.0,71.0,0.992,1.0
1089.0,91.0,92.0,81.0,0.992,1.0
1090.0,91.0,92.0,91.0,0.992,1.0
1091.0,91.0,102.0,1.0,0.947,0.93
1092.0,91.0,102.0,11.0,0.992,1.0
1093.0,91.0,102.0,21.0,0.992,1.0
1094.0,91.0,102.0,31.0,0.992,1.0
1095.0,91.0,102.0,41.0,0.992,1.0
1096.0,91.0,102.0,51.0,0.992,1.0
1097.0,91.0,102.0,61.0,0.992,1.0
1098.0,91.0,102.0,71.0,0.992,1.0
1099.0,91.0,102.0,81.0,0.992,1.0
1100.0,91.0,102.0,91.0,0.992,1.0
